<?xml version="1.0" encoding="UTF-8"?>
<GenRun Id="synth_1" LaunchPart="xc7a35tcpg236-1" LaunchTime="1556529943">
  <File Type="PA-TCL" Name="Keyboard_Interface_TOP.tcl"/>
  <File Type="RDS-PROPCONSTRS" Name="Keyboard_Interface_TOP_drc_synth.rpt"/>
  <File Type="REPORTS-TCL" Name="Keyboard_Interface_TOP_reports.tcl"/>
  <File Type="RDS-RDS" Name="Keyboard_Interface_TOP.vds"/>
  <File Type="RDS-UTIL" Name="Keyboard_Interface_TOP_utilization_synth.rpt"/>
  <File Type="RDS-UTIL-PB" Name="Keyboard_Interface_TOP_utilization_synth.pb"/>
  <File Type="RDS-DCP" Name="Keyboard_Interface_TOP.dcp"/>
  <File Type="VDS-TIMINGSUMMARY" Name="Keyboard_Interface_TOP_timing_summary_synth.rpt"/>
  <File Type="VDS-TIMING-PB" Name="Keyboard_Interface_TOP_timing_summary_synth.pb"/>
  <FileSet Name="sources" Type="DesignSrcs" RelSrcDir="$PSRCDIR/sources_1">
    <Filter Type="Srcs"/>
    <File Path="$PSRCDIR/sources_1/imports/Sources/Heartbeat_Generator.v">
      <FileInfo>
        <Attr Name="ImportPath" Val="$PPRDIR/../Sources/Heartbeat_Generator.v"/>
        <Attr Name="ImportTime" Val="1556529136"/>
        <Attr Name="UsedIn" Val="synthesis"/>
        <Attr Name="UsedIn" Val="implementation"/>
        <Attr Name="UsedIn" Val="simulation"/>
      </FileInfo>
    </File>
    <File Path="$PSRCDIR/sources_1/imports/Sources/Predefined_Controller.v">
      <FileInfo>
        <Attr Name="ImportPath" Val="$PPRDIR/../Sources/Predefined_Controller.v"/>
        <Attr Name="ImportTime" Val="1556443596"/>
        <Attr Name="UsedIn" Val="synthesis"/>
        <Attr Name="UsedIn" Val="implementation"/>
        <Attr Name="UsedIn" Val="simulation"/>
      </FileInfo>
    </File>
    <File Path="$PSRCDIR/sources_1/imports/Sources/SSD_Controller.v">
      <FileInfo>
        <Attr Name="ImportPath" Val="$PPRDIR/../Sources/SSD_Controller.v"/>
        <Attr Name="ImportTime" Val="1556454533"/>
        <Attr Name="UsedIn" Val="synthesis"/>
        <Attr Name="UsedIn" Val="implementation"/>
        <Attr Name="UsedIn" Val="simulation"/>
      </FileInfo>
    </File>
    <File Path="$PSRCDIR/sources_1/imports/Sources/Sentence_ROM.v">
      <FileInfo>
        <Attr Name="ImportPath" Val="$PPRDIR/../Sources/Sentence_ROM.v"/>
        <Attr Name="ImportTime" Val="1556444185"/>
        <Attr Name="UsedIn" Val="synthesis"/>
        <Attr Name="UsedIn" Val="implementation"/>
        <Attr Name="UsedIn" Val="simulation"/>
      </FileInfo>
    </File>
    <File Path="$PSRCDIR/sources_1/imports/Sources/Seven_Segment_Decoder.v">
      <FileInfo>
        <Attr Name="ImportPath" Val="$PPRDIR/../Sources/Seven_Segment_Decoder.v"/>
        <Attr Name="ImportTime" Val="1556528964"/>
        <Attr Name="UsedIn" Val="synthesis"/>
        <Attr Name="UsedIn" Val="implementation"/>
        <Attr Name="UsedIn" Val="simulation"/>
      </FileInfo>
    </File>
    <File Path="$PSRCDIR/sources_1/imports/Sources/clockDivider.v">
      <FileInfo>
        <Attr Name="ImportPath" Val="$PPRDIR/../Sources/clockDivider.v"/>
        <Attr Name="ImportTime" Val="1556529141"/>
        <Attr Name="UsedIn" Val="synthesis"/>
        <Attr Name="UsedIn" Val="implementation"/>
        <Attr Name="UsedIn" Val="simulation"/>
      </FileInfo>
    </File>
    <File Path="$PSRCDIR/sources_1/imports/Sources/debouncer.v">
      <FileInfo>
        <Attr Name="ImportPath" Val="$PPRDIR/../Sources/debouncer.v"/>
        <Attr Name="ImportTime" Val="1556529142"/>
        <Attr Name="UsedIn" Val="synthesis"/>
        <Attr Name="UsedIn" Val="implementation"/>
        <Attr Name="UsedIn" Val="simulation"/>
      </FileInfo>
    </File>
    <File Path="$PSRCDIR/sources_1/imports/Sources/edgeDetector.v">
      <FileInfo>
        <Attr Name="ImportPath" Val="$PPRDIR/../Sources/edgeDetector.v"/>
        <Attr Name="ImportTime" Val="1556529139"/>
        <Attr Name="UsedIn" Val="synthesis"/>
        <Attr Name="UsedIn" Val="implementation"/>
        <Attr Name="UsedIn" Val="simulation"/>
      </FileInfo>
    </File>
    <File Path="$PSRCDIR/sources_1/imports/Sources/keyDriver.v">
      <FileInfo>
        <Attr Name="ImportPath" Val="$PPRDIR/../Sources/keyDriver.v"/>
        <Attr Name="ImportTime" Val="1556441873"/>
        <Attr Name="UsedIn" Val="synthesis"/>
        <Attr Name="UsedIn" Val="implementation"/>
        <Attr Name="UsedIn" Val="simulation"/>
      </FileInfo>
    </File>
    <File Path="$PSRCDIR/sources_1/imports/Sources/sentenceDisplayController.v">
      <FileInfo>
        <Attr Name="ImportPath" Val="$PPRDIR/../Sources/sentenceDisplayController.v"/>
        <Attr Name="ImportTime" Val="1556443610"/>
        <Attr Name="UsedIn" Val="synthesis"/>
        <Attr Name="UsedIn" Val="implementation"/>
        <Attr Name="UsedIn" Val="simulation"/>
      </FileInfo>
    </File>
    <File Path="$PSRCDIR/sources_1/imports/Sources/sentenceEditorController.v">
      <FileInfo>
        <Attr Name="ImportPath" Val="$PPRDIR/../Sources/sentenceEditorController.v"/>
        <Attr Name="ImportTime" Val="1556443630"/>
        <Attr Name="UsedIn" Val="synthesis"/>
        <Attr Name="UsedIn" Val="implementation"/>
        <Attr Name="UsedIn" Val="simulation"/>
      </FileInfo>
    </File>
    <File Path="$PSRCDIR/sources_1/imports/Sources/singleEntryController.v">
      <FileInfo>
        <Attr Name="ImportPath" Val="$PPRDIR/../Sources/singleEntryController.v"/>
        <Attr Name="ImportTime" Val="1556443589"/>
        <Attr Name="UsedIn" Val="synthesis"/>
        <Attr Name="UsedIn" Val="implementation"/>
        <Attr Name="UsedIn" Val="simulation"/>
      </FileInfo>
    </File>
    <File Path="$PSRCDIR/sources_1/imports/Sources/Keyboard_Interface_TOP.v">
      <FileInfo>
        <Attr Name="ImportPath" Val="$PPRDIR/../Sources/Keyboard_Interface_TOP.v"/>
        <Attr Name="ImportTime" Val="1556454554"/>
        <Attr Name="UsedIn" Val="synthesis"/>
        <Attr Name="UsedIn" Val="implementation"/>
        <Attr Name="UsedIn" Val="simulation"/>
      </FileInfo>
    </File>
    <Config>
      <Option Name="DesignMode" Val="RTL"/>
      <Option Name="TopModule" Val="Keyboard_Interface_TOP"/>
      <Option Name="TopAutoSet" Val="TRUE"/>
    </Config>
  </FileSet>
  <FileSet Name="constrs_in" Type="Constrs" RelSrcDir="$PSRCDIR/constrs_1">
    <Filter Type="Constrs"/>
    <File Path="$PSRCDIR/constrs_1/imports/Constraints/Basys3_Keyboard_Interface_Constraints.xdc">
      <FileInfo>
        <Attr Name="ImportPath" Val="$PPRDIR/../Constraints/Basys3_Keyboard_Interface_Constraints.xdc"/>
        <Attr Name="ImportTime" Val="1556278054"/>
        <Attr Name="UsedIn" Val="synthesis"/>
        <Attr Name="UsedIn" Val="implementation"/>
      </FileInfo>
    </File>
    <Config>
      <Option Name="ConstrsType" Val="XDC"/>
    </Config>
  </FileSet>
  <FileSet Name="utils" Type="Utils" RelSrcDir="$PSRCDIR/utils_1">
    <Filter Type="Utils"/>
    <Config>
      <Option Name="TopAutoSet" Val="TRUE"/>
    </Config>
  </FileSet>
  <Strategy Version="1" Minor="2">
    <StratHandle Name="Vivado Synthesis Defaults" Flow="Vivado Synthesis 2018">
      <Desc>Vivado Synthesis Defaults</Desc>
    </StratHandle>
    <Step Id="synth_design"/>
  </Strategy>
</GenRun>
