<?xml version="1.0" encoding="UTF-8"?>
<GenRun Id="impl_1" LaunchPart="xc7a35tcpg236-1" LaunchTime="1556529943">
  <File Type="BITSTR-BMM" Name="Keyboard_Interface_TOP_bd.bmm"/>
  <File Type="OPT-METHODOLOGY-DRC" Name="Keyboard_Interface_TOP_methodology_drc_opted.rpt"/>
  <File Type="INIT-TIMING" Name="Keyboard_Interface_TOP_timing_summary_init.rpt"/>
  <File Type="ROUTE-PWR" Name="Keyboard_Interface_TOP_power_routed.rpt"/>
  <File Type="PA-TCL" Name="Keyboard_Interface_TOP.tcl"/>
  <File Type="OPT-TIMING" Name="Keyboard_Interface_TOP_timing_summary_opted.rpt"/>
  <File Type="OPT-DCP" Name="Keyboard_Interface_TOP_opt.dcp"/>
  <File Type="ROUTE-PWR-SUM" Name="Keyboard_Interface_TOP_power_summary_routed.pb"/>
  <File Type="REPORTS-TCL" Name="Keyboard_Interface_TOP_reports.tcl"/>
  <File Type="OPT-DRC" Name="Keyboard_Interface_TOP_drc_opted.rpt"/>
  <File Type="OPT-HWDEF" Name="Keyboard_Interface_TOP.hwdef"/>
  <File Type="PWROPT-DCP" Name="Keyboard_Interface_TOP_pwropt.dcp"/>
  <File Type="PWROPT-DRC" Name="Keyboard_Interface_TOP_drc_pwropted.rpt"/>
  <File Type="PWROPT-TIMING" Name="Keyboard_Interface_TOP_timing_summary_pwropted.rpt"/>
  <File Type="PLACE-DCP" Name="Keyboard_Interface_TOP_placed.dcp"/>
  <File Type="PLACE-IO" Name="Keyboard_Interface_TOP_io_placed.rpt"/>
  <File Type="PLACE-CLK" Name="Keyboard_Interface_TOP_clock_utilization_placed.rpt"/>
  <File Type="PLACE-UTIL" Name="Keyboard_Interface_TOP_utilization_placed.rpt"/>
  <File Type="PLACE-UTIL-PB" Name="Keyboard_Interface_TOP_utilization_placed.pb"/>
  <File Type="PLACE-CTRL" Name="Keyboard_Interface_TOP_control_sets_placed.rpt"/>
  <File Type="PLACE-SIMILARITY" Name="Keyboard_Interface_TOP_incremental_reuse_placed.rpt"/>
  <File Type="PLACE-PRE-SIMILARITY" Name="Keyboard_Interface_TOP_incremental_reuse_pre_placed.rpt"/>
  <File Type="BG-BGN" Name="Keyboard_Interface_TOP.bgn"/>
  <File Type="PLACE-TIMING" Name="Keyboard_Interface_TOP_timing_summary_placed.rpt"/>
  <File Type="POSTPLACE-PWROPT-DCP" Name="Keyboard_Interface_TOP_postplace_pwropt.dcp"/>
  <File Type="BG-BIN" Name="Keyboard_Interface_TOP.bin"/>
  <File Type="POSTPLACE-PWROPT-TIMING" Name="Keyboard_Interface_TOP_timing_summary_postplace_pwropted.rpt"/>
  <File Type="PHYSOPT-DCP" Name="Keyboard_Interface_TOP_physopt.dcp"/>
  <File Type="PHYSOPT-DRC" Name="Keyboard_Interface_TOP_drc_physopted.rpt"/>
  <File Type="BITSTR-MSK" Name="Keyboard_Interface_TOP.msk"/>
  <File Type="PHYSOPT-TIMING" Name="Keyboard_Interface_TOP_timing_summary_physopted.rpt"/>
  <File Type="ROUTE-ERROR-DCP" Name="Keyboard_Interface_TOP_routed_error.dcp"/>
  <File Type="ROUTE-DCP" Name="Keyboard_Interface_TOP_routed.dcp"/>
  <File Type="ROUTE-BLACKBOX-DCP" Name="Keyboard_Interface_TOP_routed_bb.dcp"/>
  <File Type="ROUTE-DRC" Name="Keyboard_Interface_TOP_drc_routed.rpt"/>
  <File Type="ROUTE-DRC-PB" Name="Keyboard_Interface_TOP_drc_routed.pb"/>
  <File Type="BITSTR-LTX" Name="debug_nets.ltx"/>
  <File Type="BITSTR-LTX" Name="Keyboard_Interface_TOP.ltx"/>
  <File Type="ROUTE-DRC-RPX" Name="Keyboard_Interface_TOP_drc_routed.rpx"/>
  <File Type="BITSTR-MMI" Name="Keyboard_Interface_TOP.mmi"/>
  <File Type="ROUTE-METHODOLOGY-DRC" Name="Keyboard_Interface_TOP_methodology_drc_routed.rpt"/>
  <File Type="ROUTE-METHODOLOGY-DRC-RPX" Name="Keyboard_Interface_TOP_methodology_drc_routed.rpx"/>
  <File Type="BITSTR-SYSDEF" Name="Keyboard_Interface_TOP.sysdef"/>
  <File Type="ROUTE-METHODOLOGY-DRC-PB" Name="Keyboard_Interface_TOP_methodology_drc_routed.pb"/>
  <File Type="ROUTE-PWR-RPX" Name="Keyboard_Interface_TOP_power_routed.rpx"/>
  <File Type="ROUTE-STATUS" Name="Keyboard_Interface_TOP_route_status.rpt"/>
  <File Type="ROUTE-STATUS-PB" Name="Keyboard_Interface_TOP_route_status.pb"/>
  <File Type="ROUTE-TIMINGSUMMARY" Name="Keyboard_Interface_TOP_timing_summary_routed.rpt"/>
  <File Type="ROUTE-TIMING-PB" Name="Keyboard_Interface_TOP_timing_summary_routed.pb"/>
  <File Type="ROUTE-TIMING-RPX" Name="Keyboard_Interface_TOP_timing_summary_routed.rpx"/>
  <File Type="ROUTE-SIMILARITY" Name="Keyboard_Interface_TOP_incremental_reuse_routed.rpt"/>
  <File Type="ROUTE-CLK" Name="Keyboard_Interface_TOP_clock_utilization_routed.rpt"/>
  <File Type="ROUTE-BUS-SKEW" Name="Keyboard_Interface_TOP_bus_skew_routed.rpt"/>
  <File Type="ROUTE-BUS-SKEW-PB" Name="Keyboard_Interface_TOP_bus_skew_routed.pb"/>
  <File Type="ROUTE-BUS-SKEW-RPX" Name="Keyboard_Interface_TOP_bus_skew_routed.rpx"/>
  <File Type="POSTROUTE-PHYSOPT-DCP" Name="Keyboard_Interface_TOP_postroute_physopt.dcp"/>
  <File Type="POSTROUTE-PHYSOPT-BLACKBOX-DCP" Name="Keyboard_Interface_TOP_postroute_physopt_bb.dcp"/>
  <File Type="POSTROUTE-PHYSOPT-TIMING" Name="Keyboard_Interface_TOP_timing_summary_postroute_physopted.rpt"/>
  <File Type="POSTROUTE-PHYSOPT-TIMING-PB" Name="Keyboard_Interface_TOP_timing_summary_postroute_physopted.pb"/>
  <File Type="POSTROUTE-PHYSOPT-TIMING-RPX" Name="Keyboard_Interface_TOP_timing_summary_postroute_physopted.rpx"/>
  <File Type="POSTROUTE-PHYSOPT-BUS-SKEW" Name="Keyboard_Interface_TOP_bus_skew_postroute_physopted.rpt"/>
  <File Type="POSTROUTE-PHYSOPT-BUS-SKEW-PB" Name="Keyboard_Interface_TOP_bus_skew_postroute_physopted.pb"/>
  <File Type="BG-BIT" Name="Keyboard_Interface_TOP.bit"/>
  <File Type="POSTROUTE-PHYSOPT-BUS-SKEW-RPX" Name="Keyboard_Interface_TOP_bus_skew_postroute_physopted.rpx"/>
  <File Type="BITSTR-RBT" Name="Keyboard_Interface_TOP.rbt"/>
  <File Type="BITSTR-NKY" Name="Keyboard_Interface_TOP.nky"/>
  <File Type="BG-DRC" Name="Keyboard_Interface_TOP.drc"/>
  <File Type="RDI-RDI" Name="Keyboard_Interface_TOP.vdi"/>
  <File Type="WBT-USG" Name="usage_statistics_webtalk.html"/>
  <FileSet Name="sources" Type="DesignSrcs" RelSrcDir="$PSRCDIR/sources_1">
    <Filter Type="Srcs"/>
    <File Path="$PSRCDIR/sources_1/imports/Sources/Heartbeat_Generator.v">
      <FileInfo>
        <Attr Name="ImportPath" Val="$PPRDIR/../Sources/Heartbeat_Generator.v"/>
        <Attr Name="ImportTime" Val="1556529136"/>
        <Attr Name="UsedIn" Val="synthesis"/>
        <Attr Name="UsedIn" Val="implementation"/>
        <Attr Name="UsedIn" Val="simulation"/>
      </FileInfo>
    </File>
    <File Path="$PSRCDIR/sources_1/imports/Sources/Predefined_Controller.v">
      <FileInfo>
        <Attr Name="ImportPath" Val="$PPRDIR/../Sources/Predefined_Controller.v"/>
        <Attr Name="ImportTime" Val="1556443596"/>
        <Attr Name="UsedIn" Val="synthesis"/>
        <Attr Name="UsedIn" Val="implementation"/>
        <Attr Name="UsedIn" Val="simulation"/>
      </FileInfo>
    </File>
    <File Path="$PSRCDIR/sources_1/imports/Sources/SSD_Controller.v">
      <FileInfo>
        <Attr Name="ImportPath" Val="$PPRDIR/../Sources/SSD_Controller.v"/>
        <Attr Name="ImportTime" Val="1556454533"/>
        <Attr Name="UsedIn" Val="synthesis"/>
        <Attr Name="UsedIn" Val="implementation"/>
        <Attr Name="UsedIn" Val="simulation"/>
      </FileInfo>
    </File>
    <File Path="$PSRCDIR/sources_1/imports/Sources/Sentence_ROM.v">
      <FileInfo>
        <Attr Name="ImportPath" Val="$PPRDIR/../Sources/Sentence_ROM.v"/>
        <Attr Name="ImportTime" Val="1556444185"/>
        <Attr Name="UsedIn" Val="synthesis"/>
        <Attr Name="UsedIn" Val="implementation"/>
        <Attr Name="UsedIn" Val="simulation"/>
      </FileInfo>
    </File>
    <File Path="$PSRCDIR/sources_1/imports/Sources/Seven_Segment_Decoder.v">
      <FileInfo>
        <Attr Name="ImportPath" Val="$PPRDIR/../Sources/Seven_Segment_Decoder.v"/>
        <Attr Name="ImportTime" Val="1556528964"/>
        <Attr Name="UsedIn" Val="synthesis"/>
        <Attr Name="UsedIn" Val="implementation"/>
        <Attr Name="UsedIn" Val="simulation"/>
      </FileInfo>
    </File>
    <File Path="$PSRCDIR/sources_1/imports/Sources/clockDivider.v">
      <FileInfo>
        <Attr Name="ImportPath" Val="$PPRDIR/../Sources/clockDivider.v"/>
        <Attr Name="ImportTime" Val="1556529141"/>
        <Attr Name="UsedIn" Val="synthesis"/>
        <Attr Name="UsedIn" Val="implementation"/>
        <Attr Name="UsedIn" Val="simulation"/>
      </FileInfo>
    </File>
    <File Path="$PSRCDIR/sources_1/imports/Sources/debouncer.v">
      <FileInfo>
        <Attr Name="ImportPath" Val="$PPRDIR/../Sources/debouncer.v"/>
        <Attr Name="ImportTime" Val="1556529142"/>
        <Attr Name="UsedIn" Val="synthesis"/>
        <Attr Name="UsedIn" Val="implementation"/>
        <Attr Name="UsedIn" Val="simulation"/>
      </FileInfo>
    </File>
    <File Path="$PSRCDIR/sources_1/imports/Sources/edgeDetector.v">
      <FileInfo>
        <Attr Name="ImportPath" Val="$PPRDIR/../Sources/edgeDetector.v"/>
        <Attr Name="ImportTime" Val="1556529139"/>
        <Attr Name="UsedIn" Val="synthesis"/>
        <Attr Name="UsedIn" Val="implementation"/>
        <Attr Name="UsedIn" Val="simulation"/>
      </FileInfo>
    </File>
    <File Path="$PSRCDIR/sources_1/imports/Sources/keyDriver.v">
      <FileInfo>
        <Attr Name="ImportPath" Val="$PPRDIR/../Sources/keyDriver.v"/>
        <Attr Name="ImportTime" Val="1556441873"/>
        <Attr Name="UsedIn" Val="synthesis"/>
        <Attr Name="UsedIn" Val="implementation"/>
        <Attr Name="UsedIn" Val="simulation"/>
      </FileInfo>
    </File>
    <File Path="$PSRCDIR/sources_1/imports/Sources/sentenceDisplayController.v">
      <FileInfo>
        <Attr Name="ImportPath" Val="$PPRDIR/../Sources/sentenceDisplayController.v"/>
        <Attr Name="ImportTime" Val="1556443610"/>
        <Attr Name="UsedIn" Val="synthesis"/>
        <Attr Name="UsedIn" Val="implementation"/>
        <Attr Name="UsedIn" Val="simulation"/>
      </FileInfo>
    </File>
    <File Path="$PSRCDIR/sources_1/imports/Sources/sentenceEditorController.v">
      <FileInfo>
        <Attr Name="ImportPath" Val="$PPRDIR/../Sources/sentenceEditorController.v"/>
        <Attr Name="ImportTime" Val="1556443630"/>
        <Attr Name="UsedIn" Val="synthesis"/>
        <Attr Name="UsedIn" Val="implementation"/>
        <Attr Name="UsedIn" Val="simulation"/>
      </FileInfo>
    </File>
    <File Path="$PSRCDIR/sources_1/imports/Sources/singleEntryController.v">
      <FileInfo>
        <Attr Name="ImportPath" Val="$PPRDIR/../Sources/singleEntryController.v"/>
        <Attr Name="ImportTime" Val="1556443589"/>
        <Attr Name="UsedIn" Val="synthesis"/>
        <Attr Name="UsedIn" Val="implementation"/>
        <Attr Name="UsedIn" Val="simulation"/>
      </FileInfo>
    </File>
    <File Path="$PSRCDIR/sources_1/imports/Sources/Keyboard_Interface_TOP.v">
      <FileInfo>
        <Attr Name="ImportPath" Val="$PPRDIR/../Sources/Keyboard_Interface_TOP.v"/>
        <Attr Name="ImportTime" Val="1556454554"/>
        <Attr Name="UsedIn" Val="synthesis"/>
        <Attr Name="UsedIn" Val="implementation"/>
        <Attr Name="UsedIn" Val="simulation"/>
      </FileInfo>
    </File>
    <Config>
      <Option Name="DesignMode" Val="RTL"/>
      <Option Name="TopModule" Val="Keyboard_Interface_TOP"/>
      <Option Name="TopAutoSet" Val="TRUE"/>
    </Config>
  </FileSet>
  <FileSet Name="constrs_in" Type="Constrs" RelSrcDir="$PSRCDIR/constrs_1">
    <Filter Type="Constrs"/>
    <File Path="$PSRCDIR/constrs_1/imports/Constraints/Basys3_Keyboard_Interface_Constraints.xdc">
      <FileInfo>
        <Attr Name="ImportPath" Val="$PPRDIR/../Constraints/Basys3_Keyboard_Interface_Constraints.xdc"/>
        <Attr Name="ImportTime" Val="1556278054"/>
        <Attr Name="UsedIn" Val="synthesis"/>
        <Attr Name="UsedIn" Val="implementation"/>
      </FileInfo>
    </File>
    <Config>
      <Option Name="ConstrsType" Val="XDC"/>
    </Config>
  </FileSet>
  <FileSet Name="utils" Type="Utils" RelSrcDir="$PSRCDIR/utils_1">
    <Filter Type="Utils"/>
    <Config>
      <Option Name="TopAutoSet" Val="TRUE"/>
    </Config>
  </FileSet>
  <Strategy Version="1" Minor="2">
    <StratHandle Name="Vivado Implementation Defaults" Flow="Vivado Implementation 2018">
      <Desc>Default settings for Implementation.</Desc>
    </StratHandle>
    <Step Id="init_design"/>
    <Step Id="opt_design"/>
    <Step Id="power_opt_design"/>
    <Step Id="place_design"/>
    <Step Id="post_place_power_opt_design"/>
    <Step Id="phys_opt_design"/>
    <Step Id="route_design"/>
    <Step Id="post_route_phys_opt_design"/>
    <Step Id="write_bitstream"/>
  </Strategy>
</GenRun>
